{"sample_id": "pcd0464", "fold": 2, "coord_frame": "full_image_480x640", "crop_applied": {"x": 100, "y": 150, "w": 400, "h": 300}, "predictions": [{"x": 297.0, "y": 162.0, "angle_rad": 0.7853981633974483, "width": 2.8284271247461903, "height": 30.0}, {"x": 297.0, "y": 162.0, "angle_rad": 0.7853981633974483, "width": 2.8284271247461903, "height": 30.0}, {"x": 302.5, "y": 150.5, "angle_rad": 0.07677189126977804, "width": 13.038404810405298, "height": 30.0}, {"x": 309.0, "y": 156.5, "angle_rad": 1.5707963267948966, "width": 13.0, "height": 30.0}]}